{
  "Transaction Controller - tasklists" : {
    "transaction" : "Transaction Controller - tasklists",
    "sampleCount" : 542,
    "errorCount" : 7,
    "errorPct" : 1.291513,
    "meanResTime" : 9588.226937269374,
    "medianResTime" : 8505.5,
    "minResTime" : 325.0,
    "maxResTime" : 25703.0,
    "pct1ResTime" : 18283.9,
    "pct2ResTime" : 20476.35,
    "pct3ResTime" : 23138.120000000006,
    "throughput" : 14.799442972995113,
    "receivedKBytesPerSec" : 222.7236598244273,
    "sentKBytesPerSec" : 14.108972247631272
  },
  "read one tasklist" : {
    "transaction" : "read one tasklist",
    "sampleCount" : 641,
    "errorCount" : 11,
    "errorPct" : 1.7160686,
    "meanResTime" : 2904.9141965678623,
    "medianResTime" : 2219.0,
    "minResTime" : 2.0,
    "maxResTime" : 10497.0,
    "pct1ResTime" : 7467.600000000007,
    "pct2ResTime" : 7938.099999999999,
    "pct3ResTime" : 9559.720000000001,
    "throughput" : 18.944879562583125,
    "receivedKBytesPerSec" : 5.473570036574553,
    "sentKBytesPerSec" : 2.51343260492094
  },
  "create tasklist" : {
    "transaction" : "create tasklist",
    "sampleCount" : 1654,
    "errorCount" : 35,
    "errorPct" : 2.1160822,
    "meanResTime" : 3431.9492140266043,
    "medianResTime" : 2762.0,
    "minResTime" : 3.0,
    "maxResTime" : 11579.0,
    "pct1ResTime" : 7823.5,
    "pct2ResTime" : 8060.5,
    "pct3ResTime" : 9625.45,
    "throughput" : 45.4770415177344,
    "receivedKBytesPerSec" : 13.338039378265055,
    "sentKBytesPerSec" : 10.525448085647513
  },
  "read all tasks" : {
    "transaction" : "read all tasks",
    "sampleCount" : 336,
    "errorCount" : 5,
    "errorPct" : 1.4880953,
    "meanResTime" : 2764.291666666667,
    "medianResTime" : 2044.0,
    "minResTime" : 7.0,
    "maxResTime" : 9794.0,
    "pct1ResTime" : 6932.0,
    "pct2ResTime" : 8016.799999999999,
    "pct3ResTime" : 9571.53,
    "throughput" : 10.405053883314752,
    "receivedKBytesPerSec" : 39.57240401066827,
    "sentKBytesPerSec" : 1.3107929208472686
  },
  "update task name" : {
    "transaction" : "update task name",
    "sampleCount" : 287,
    "errorCount" : 4,
    "errorPct" : 1.3937283,
    "meanResTime" : 2943.0418118466896,
    "medianResTime" : 2038.0,
    "minResTime" : 4.0,
    "maxResTime" : 9830.0,
    "pct1ResTime" : 7337.2,
    "pct2ResTime" : 7984.2,
    "pct3ResTime" : 9559.84,
    "throughput" : 8.898948869802487,
    "receivedKBytesPerSec" : 2.5690821602430933,
    "sentKBytesPerSec" : 2.522360014030573
  },
  "check jmeter variables for tasklist id" : {
    "transaction" : "check jmeter variables for tasklist id",
    "sampleCount" : 1313,
    "errorCount" : 0,
    "errorPct" : 0.0,
    "meanResTime" : 0.255902513328256,
    "medianResTime" : 0.0,
    "minResTime" : 0.0,
    "maxResTime" : 250.0,
    "pct1ResTime" : 0.0,
    "pct2ResTime" : 1.0,
    "pct3ResTime" : 1.0,
    "throughput" : 49.13002806361085,
    "receivedKBytesPerSec" : 15.69011634705332,
    "sentKBytesPerSec" : 0.0
  },
  "read all tasklists" : {
    "transaction" : "read all tasklists",
    "sampleCount" : 920,
    "errorCount" : 15,
    "errorPct" : 1.6304348,
    "meanResTime" : 3537.7532608695637,
    "medianResTime" : 2827.5,
    "minResTime" : 21.0,
    "maxResTime" : 12356.0,
    "pct1ResTime" : 8141.9,
    "pct2ResTime" : 8436.449999999999,
    "pct3ResTime" : 10091.07,
    "throughput" : 26.296984421895097,
    "receivedKBytesPerSec" : 601.8722309561241,
    "sentKBytesPerSec" : 3.415526296984422
  },
  "delete task by id" : {
    "transaction" : "delete task by id",
    "sampleCount" : 210,
    "errorCount" : 4,
    "errorPct" : 1.9047619,
    "meanResTime" : 3133.4619047619044,
    "medianResTime" : 2695.5,
    "minResTime" : 3.0,
    "maxResTime" : 9769.0,
    "pct1ResTime" : 7036.700000000001,
    "pct2ResTime" : 8021.4,
    "pct3ResTime" : 9715.179999999998,
    "throughput" : 6.538796861377506,
    "receivedKBytesPerSec" : 1.2196388676983436,
    "sentKBytesPerSec" : 1.3823790127973596
  },
  "Transaction Controller - tasks" : {
    "transaction" : "Transaction Controller - tasks",
    "sampleCount" : 210,
    "errorCount" : 4,
    "errorPct" : 1.9047619,
    "meanResTime" : 10698.180952380946,
    "medianResTime" : 9915.5,
    "minResTime" : 359.0,
    "maxResTime" : 27913.0,
    "pct1ResTime" : 19854.800000000003,
    "pct2ResTime" : 23015.549999999992,
    "pct3ResTime" : 26417.099999999984,
    "throughput" : 6.3725192692844566,
    "receivedKBytesPerSec" : 31.86597463509741,
    "sentKBytesPerSec" : 8.04000107156946
  },
  "create task" : {
    "transaction" : "create task",
    "sampleCount" : 393,
    "errorCount" : 8,
    "errorPct" : 2.0356233,
    "meanResTime" : 2927.0025445292613,
    "medianResTime" : 2194.0,
    "minResTime" : 3.0,
    "maxResTime" : 10733.0,
    "pct1ResTime" : 7115.200000000001,
    "pct2ResTime" : 7918.9,
    "pct3ResTime" : 9633.22,
    "throughput" : 11.976230382447053,
    "receivedKBytesPerSec" : 3.4235784416425417,
    "sentKBytesPerSec" : 3.3706955660521105
  },
  "Total" : {
    "transaction" : "Total",
    "sampleCount" : 7625,
    "errorCount" : 101,
    "errorPct" : 1.3245902,
    "meanResTime" : 2436.3022950819704,
    "medianResTime" : 1404.0,
    "minResTime" : 0.0,
    "maxResTime" : 12356.0,
    "pct1ResTime" : 6963.0,
    "pct2ResTime" : 7963.7,
    "pct3ResTime" : 9505.74,
    "throughput" : 208.43014514938633,
    "receivedKBytesPerSec" : 660.2381752197059,
    "sentKBytesPerSec" : 32.695156604502095
  },
  "check jmeter variables for task id" : {
    "transaction" : "check jmeter variables for task id",
    "sampleCount" : 336,
    "errorCount" : 0,
    "errorPct" : 0.0,
    "meanResTime" : 0.068452380952381,
    "medianResTime" : 0.0,
    "minResTime" : 0.0,
    "maxResTime" : 1.0,
    "pct1ResTime" : 0.0,
    "pct2ResTime" : 1.0,
    "pct3ResTime" : 1.0,
    "throughput" : 13.840260328706183,
    "receivedKBytesPerSec" : 4.413658632656424,
    "sentKBytesPerSec" : 0.0
  },
  "update tasklist name" : {
    "transaction" : "update tasklist name",
    "sampleCount" : 741,
    "errorCount" : 8,
    "errorPct" : 1.0796221,
    "meanResTime" : 2485.0620782726037,
    "medianResTime" : 1639.0,
    "minResTime" : 3.0,
    "maxResTime" : 11211.0,
    "pct1ResTime" : 6264.400000000001,
    "pct2ResTime" : 7675.0,
    "pct3ResTime" : 9306.920000000016,
    "throughput" : 21.73849268049403,
    "receivedKBytesPerSec" : 6.28232193541526,
    "sentKBytesPerSec" : 5.3043269794936485
  },
  "read one task" : {
    "transaction" : "read one task",
    "sampleCount" : 252,
    "errorCount" : 4,
    "errorPct" : 1.5873016,
    "meanResTime" : 3084.3968253968255,
    "medianResTime" : 2538.5,
    "minResTime" : 3.0,
    "maxResTime" : 9871.0,
    "pct1ResTime" : 7569.900000000001,
    "pct2ResTime" : 7885.2,
    "pct3ResTime" : 9598.66,
    "throughput" : 7.838989641335116,
    "receivedKBytesPerSec" : 2.2626771160605967,
    "sentKBytesPerSec" : 1.0072139313155193
  },
  "delete tasklist by id" : {
    "transaction" : "delete tasklist by id",
    "sampleCount" : 542,
    "errorCount" : 7,
    "errorPct" : 1.291513,
    "meanResTime" : 2920.158671586715,
    "medianResTime" : 2274.0,
    "minResTime" : 3.0,
    "maxResTime" : 9557.0,
    "pct1ResTime" : 6914.2,
    "pct2ResTime" : 7887.5,
    "pct3ResTime" : 9076.400000000001,
    "throughput" : 16.10794103661436,
    "receivedKBytesPerSec" : 3.0045085331966237,
    "sentKBytesPerSec" : 3.47337346387601
  }
}