{
  "Transaction Controller - tasklists" : {
    "transaction" : "Transaction Controller - tasklists",
    "sampleCount" : 1536,
    "errorCount" : 5,
    "errorPct" : 0.32552084,
    "meanResTime" : 11498.765624999982,
    "medianResTime" : 12001.5,
    "minResTime" : 454.0,
    "maxResTime" : 23403.0,
    "pct1ResTime" : 17029.899999999998,
    "pct2ResTime" : 18333.45,
    "pct3ResTime" : 20612.499999999993,
    "throughput" : 17.205264631755814,
    "receivedKBytesPerSec" : 619.6468951274153,
    "sentKBytesPerSec" : 16.451361663399606
  },
  "read one tasklist" : {
    "transaction" : "read one tasklist",
    "sampleCount" : 1558,
    "errorCount" : 1,
    "errorPct" : 0.06418485,
    "meanResTime" : 2268.5539152759925,
    "medianResTime" : 2198.0,
    "minResTime" : 2.0,
    "maxResTime" : 10312.0,
    "pct1ResTime" : 4007.2000000000003,
    "pct2ResTime" : 4521.449999999998,
    "pct3ResTime" : 6082.840000000002,
    "throughput" : 18.054139241679803,
    "receivedKBytesPerSec" : 5.228280424353388,
    "sentKBytesPerSec" : 2.4073211678409194
  },
  "create tasklist" : {
    "transaction" : "create tasklist",
    "sampleCount" : 3168,
    "errorCount" : 0,
    "errorPct" : 0.0,
    "meanResTime" : 2245.683396464648,
    "medianResTime" : 2159.0,
    "minResTime" : 2.0,
    "maxResTime" : 8660.0,
    "pct1ResTime" : 3994.2,
    "pct2ResTime" : 4515.0,
    "pct3ResTime" : 5774.539999999998,
    "throughput" : 35.68853640951694,
    "receivedKBytesPerSec" : 10.478299559666771,
    "sentKBytesPerSec" : 8.259944461968276
  },
  "read all tasks" : {
    "transaction" : "read all tasks",
    "sampleCount" : 1415,
    "errorCount" : 1,
    "errorPct" : 0.07067138,
    "meanResTime" : 2336.944876325093,
    "medianResTime" : 2297.0,
    "minResTime" : 6.0,
    "maxResTime" : 10418.0,
    "pct1ResTime" : 4024.600000000001,
    "pct2ResTime" : 4671.6,
    "pct3ResTime" : 6097.359999999998,
    "throughput" : 16.487998135632722,
    "receivedKBytesPerSec" : 97.75217661238639,
    "sentKBytesPerSec" : 2.077101327633419
  },
  "update task name" : {
    "transaction" : "update task name",
    "sampleCount" : 1358,
    "errorCount" : 0,
    "errorPct" : 0.0,
    "meanResTime" : 2402.0810014727554,
    "medianResTime" : 2267.5,
    "minResTime" : 4.0,
    "maxResTime" : 8660.0,
    "pct1ResTime" : 4141.4000000000015,
    "pct2ResTime" : 4773.25,
    "pct3ResTime" : 6283.960000000013,
    "throughput" : 15.82971977432741,
    "receivedKBytesPerSec" : 4.57863561555812,
    "sentKBytesPerSec" : 4.50419930526414
  },
  "check jmeter variables for tasklist id" : {
    "transaction" : "check jmeter variables for tasklist id",
    "sampleCount" : 3090,
    "errorCount" : 0,
    "errorPct" : 0.0,
    "meanResTime" : 0.305501618122977,
    "medianResTime" : 0.0,
    "minResTime" : 0.0,
    "maxResTime" : 162.0,
    "pct1ResTime" : 0.0,
    "pct2ResTime" : 0.0,
    "pct3ResTime" : 1.0,
    "throughput" : 35.29734298965068,
    "receivedKBytesPerSec" : 11.281950735075736,
    "sentKBytesPerSec" : 0.0
  },
  "read all tasklists" : {
    "transaction" : "read all tasklists",
    "sampleCount" : 1633,
    "errorCount" : 2,
    "errorPct" : 0.12247398,
    "meanResTime" : 2761.5707287201444,
    "medianResTime" : 2733.0,
    "minResTime" : 27.0,
    "maxResTime" : 9336.0,
    "pct1ResTime" : 4716.0,
    "pct2ResTime" : 5338.599999999999,
    "pct3ResTime" : 6603.720000000016,
    "throughput" : 18.568423446472227,
    "receivedKBytesPerSec" : 677.5920519394224,
    "sentKBytesPerSec" : 2.4117190609187564
  },
  "delete task by id" : {
    "transaction" : "delete task by id",
    "sampleCount" : 1223,
    "errorCount" : 1,
    "errorPct" : 0.08176615,
    "meanResTime" : 2503.9345870809493,
    "medianResTime" : 2469.0,
    "minResTime" : 3.0,
    "maxResTime" : 10215.0,
    "pct1ResTime" : 4107.6,
    "pct2ResTime" : 4485.4,
    "pct3ResTime" : 5740.879999999999,
    "throughput" : 14.275875754356885,
    "receivedKBytesPerSec" : 2.662785419025552,
    "sentKBytesPerSec" : 3.026581140056497
  },
  "Transaction Controller - tasks" : {
    "transaction" : "Transaction Controller - tasks",
    "sampleCount" : 1223,
    "errorCount" : 3,
    "errorPct" : 0.24529845,
    "meanResTime" : 13996.336058871615,
    "medianResTime" : 14534.0,
    "minResTime" : 48.0,
    "maxResTime" : 27607.0,
    "pct1ResTime" : 19779.40000000001,
    "pct2ResTime" : 21253.6,
    "pct3ResTime" : 24337.6,
    "throughput" : 14.215310226189645,
    "receivedKBytesPerSec" : 110.61796789641303,
    "sentKBytesPerSec" : 17.97822118290443
  },
  "create task" : {
    "transaction" : "create task",
    "sampleCount" : 1457,
    "errorCount" : 0,
    "errorPct" : 0.0,
    "meanResTime" : 2322.866849691149,
    "medianResTime" : 2263.0,
    "minResTime" : 3.0,
    "maxResTime" : 8856.0,
    "pct1ResTime" : 3997.2,
    "pct2ResTime" : 4586.799999999999,
    "pct3ResTime" : 6139.2800000000025,
    "throughput" : 16.949744067007913,
    "receivedKBytesPerSec" : 4.853854172725686,
    "sentKBytesPerSec" : 4.779248705793393
  },
  "Total" : {
    "transaction" : "Total",
    "sampleCount" : 20718,
    "errorCount" : 8,
    "errorPct" : 0.038613766,
    "meanResTime" : 1832.6124143257077,
    "medianResTime" : 1863.5,
    "minResTime" : 0.0,
    "maxResTime" : 10498.0,
    "pct1ResTime" : 3931.0,
    "pct2ResTime" : 4516.0,
    "pct3ResTime" : 5844.970000000005,
    "throughput" : 232.33229416646108,
    "receivedKBytesPerSec" : 818.1127648789164,
    "sentKBytesPerSec" : 36.70380817979456
  },
  "check jmeter variables for task id" : {
    "transaction" : "check jmeter variables for task id",
    "sampleCount" : 1415,
    "errorCount" : 0,
    "errorPct" : 0.0,
    "meanResTime" : 0.022614840989399282,
    "medianResTime" : 0.0,
    "minResTime" : 0.0,
    "maxResTime" : 1.0,
    "pct1ResTime" : 0.0,
    "pct2ResTime" : 0.0,
    "pct3ResTime" : 1.0,
    "throughput" : 16.493956101598105,
    "receivedKBytesPerSec" : 5.264938723204606,
    "sentKBytesPerSec" : 0.0
  },
  "update tasklist name" : {
    "transaction" : "update tasklist name",
    "sampleCount" : 1577,
    "errorCount" : 0,
    "errorPct" : 0.0,
    "meanResTime" : 1994.4584654407076,
    "medianResTime" : 1765.0,
    "minResTime" : 3.0,
    "maxResTime" : 8878.0,
    "pct1ResTime" : 3857.6000000000004,
    "pct2ResTime" : 4558.5,
    "pct3ResTime" : 6154.4000000000015,
    "throughput" : 18.178674351585013,
    "receivedKBytesPerSec" : 5.26444299351585,
    "sentKBytesPerSec" : 4.457492795389049
  },
  "read one task" : {
    "transaction" : "read one task",
    "sampleCount" : 1288,
    "errorCount" : 1,
    "errorPct" : 0.07763975,
    "meanResTime" : 2430.5892857142853,
    "medianResTime" : 2335.0,
    "minResTime" : 2.0,
    "maxResTime" : 9079.0,
    "pct1ResTime" : 4196.800000000003,
    "pct2ResTime" : 4799.449999999999,
    "pct3ResTime" : 6139.649999999999,
    "throughput" : 15.023211328061212,
    "receivedKBytesPerSec" : 4.344708724805795,
    "sentKBytesPerSec" : 1.9386475355459911
  },
  "delete tasklist by id" : {
    "transaction" : "delete tasklist by id",
    "sampleCount" : 1536,
    "errorCount" : 2,
    "errorPct" : 0.13020833,
    "meanResTime" : 2289.921223958334,
    "medianResTime" : 2234.5,
    "minResTime" : 3.0,
    "maxResTime" : 10498.0,
    "pct1ResTime" : 4098.299999999999,
    "pct2ResTime" : 4540.599999999999,
    "pct3ResTime" : 5793.569999999983,
    "throughput" : 17.804567056914337,
    "receivedKBytesPerSec" : 3.3209690506549205,
    "sentKBytesPerSec" : 3.851846854352614
  }
}