{
  "Transaction Controller - tasklists" : {
    "transaction" : "Transaction Controller - tasklists",
    "sampleCount" : 2,
    "errorCount" : 0,
    "errorPct" : 0.0,
    "meanResTime" : 9902.5,
    "medianResTime" : 9902.5,
    "minResTime" : 6974.0,
    "maxResTime" : 12831.0,
    "pct1ResTime" : 12831.0,
    "pct2ResTime" : 12831.0,
    "pct3ResTime" : 12831.0,
    "throughput" : 0.1558724962980282,
    "receivedKBytesPerSec" : 1.705844853285013,
    "sentKBytesPerSec" : 0.14871819226872418
  },
  "read one tasklist" : {
    "transaction" : "read one tasklist",
    "sampleCount" : 7,
    "errorCount" : 4,
    "errorPct" : 57.142857,
    "meanResTime" : 9252.571428571428,
    "medianResTime" : 12701.0,
    "minResTime" : 5.0,
    "maxResTime" : 13858.0,
    "pct1ResTime" : 13858.0,
    "pct2ResTime" : 13858.0,
    "pct3ResTime" : 13858.0,
    "throughput" : 0.45898629598059143,
    "receivedKBytesPerSec" : 0.13267572618188972,
    "sentKBytesPerSec" : 0.0609591174349223
  },
  "Total" : {
    "transaction" : "Total",
    "sampleCount" : 2021,
    "errorCount" : 165,
    "errorPct" : 8.164275,
    "meanResTime" : 4955.628896585856,
    "medianResTime" : 3967.0,
    "minResTime" : 0.0,
    "maxResTime" : 17955.0,
    "pct1ResTime" : 11467.4,
    "pct2ResTime" : 13008.699999999999,
    "pct3ResTime" : 14643.899999999998,
    "throughput" : 95.64147461076145,
    "receivedKBytesPerSec" : 709.3818675021296,
    "sentKBytesPerSec" : 14.56843988098055
  },
  "create tasklist" : {
    "transaction" : "create tasklist",
    "sampleCount" : 1000,
    "errorCount" : 22,
    "errorPct" : 2.2,
    "meanResTime" : 5516.352,
    "medianResTime" : 4878.0,
    "minResTime" : 1398.0,
    "maxResTime" : 17955.0,
    "pct1ResTime" : 9637.8,
    "pct2ResTime" : 10092.249999999998,
    "pct3ResTime" : 13999.640000000001,
    "throughput" : 47.82400765184122,
    "receivedKBytesPerSec" : 14.005942506575801,
    "sentKBytesPerSec" : 11.068642395982783
  },
  "update tasklist name" : {
    "transaction" : "update tasklist name",
    "sampleCount" : 52,
    "errorCount" : 14,
    "errorPct" : 26.923077,
    "meanResTime" : 7724.615384615385,
    "medianResTime" : 9268.5,
    "minResTime" : 8.0,
    "maxResTime" : 13792.0,
    "pct1ResTime" : 13151.9,
    "pct2ResTime" : 13538.499999999998,
    "pct3ResTime" : 13792.0,
    "throughput" : 3.199803089040674,
    "receivedKBytesPerSec" : 0.9249430804258199,
    "sentKBytesPerSec" : 0.7812019260353208
  },
  "check jmeter variables for tasklist id" : {
    "transaction" : "check jmeter variables for tasklist id",
    "sampleCount" : 480,
    "errorCount" : 0,
    "errorPct" : 0.0,
    "meanResTime" : 0.07083333333333335,
    "medianResTime" : 0.0,
    "minResTime" : 0.0,
    "maxResTime" : 2.0,
    "pct1ResTime" : 0.0,
    "pct2ResTime" : 1.0,
    "pct3ResTime" : 1.0,
    "throughput" : 82.48840006874033,
    "receivedKBytesPerSec" : 26.310966768345075,
    "sentKBytesPerSec" : 0.0
  },
  "read all tasklists" : {
    "transaction" : "read all tasklists",
    "sampleCount" : 480,
    "errorCount" : 125,
    "errorPct" : 26.041666,
    "meanResTime" : 8379.249999999996,
    "medianResTime" : 8598.5,
    "minResTime" : 142.0,
    "maxResTime" : 17396.0,
    "pct1ResTime" : 13602.2,
    "pct2ResTime" : 13905.7,
    "pct3ResTime" : 15767.39,
    "throughput" : 26.135249918327343,
    "receivedKBytesPerSec" : 790.9480961763585,
    "sentKBytesPerSec" : 3.3945197647827507
  },
  "delete tasklist by id" : {
    "transaction" : "delete tasklist by id",
    "sampleCount" : 2,
    "errorCount" : 0,
    "errorPct" : 0.0,
    "meanResTime" : 5226.0,
    "medianResTime" : 5226.0,
    "minResTime" : 2352.0,
    "maxResTime" : 8100.0,
    "pct1ResTime" : 8100.0,
    "pct2ResTime" : 8100.0,
    "pct3ResTime" : 8100.0,
    "throughput" : 0.2469135802469136,
    "receivedKBytesPerSec" : 0.04605516975308642,
    "sentKBytesPerSec" : 0.05328896604938272
  }
}