{
  "Transaction Controller - tasklists" : {
    "transaction" : "Transaction Controller - tasklists",
    "sampleCount" : 1544,
    "errorCount" : 7,
    "errorPct" : 0.4533679,
    "meanResTime" : 13013.711787564775,
    "medianResTime" : 13212.0,
    "minResTime" : 1294.0,
    "maxResTime" : 26686.0,
    "pct1ResTime" : 18395.0,
    "pct2ResTime" : 19826.0,
    "pct3ResTime" : 22028.1,
    "throughput" : 16.62950876172628,
    "receivedKBytesPerSec" : 600.4437660209808,
    "sentKBytesPerSec" : 15.90288492089136
  },
  "read one tasklist" : {
    "transaction" : "read one tasklist",
    "sampleCount" : 1569,
    "errorCount" : 0,
    "errorPct" : 0.0,
    "meanResTime" : 2530.7444231994973,
    "medianResTime" : 2476.0,
    "minResTime" : 2.0,
    "maxResTime" : 7805.0,
    "pct1ResTime" : 4329.0,
    "pct2ResTime" : 4847.0,
    "pct3ResTime" : 6333.9999999999945,
    "throughput" : 17.441472687254052,
    "receivedKBytesPerSec" : 5.051402460036906,
    "sentKBytesPerSec" : 2.3261723526534603
  },
  "create tasklist" : {
    "transaction" : "create tasklist",
    "sampleCount" : 3225,
    "errorCount" : 4,
    "errorPct" : 0.12403101,
    "meanResTime" : 2573.1606201550417,
    "medianResTime" : 2462.0,
    "minResTime" : 3.0,
    "maxResTime" : 10353.0,
    "pct1ResTime" : 4363.8,
    "pct2ResTime" : 4955.0,
    "pct3ResTime" : 6490.48,
    "throughput" : 34.863357260226586,
    "receivedKBytesPerSec" : 10.236233872319035,
    "sentKBytesPerSec" : 8.068960615892285
  },
  "read all tasks" : {
    "transaction" : "read all tasks",
    "sampleCount" : 1444,
    "errorCount" : 1,
    "errorPct" : 0.06925208,
    "meanResTime" : 2564.97922437673,
    "medianResTime" : 2486.5,
    "minResTime" : 6.0,
    "maxResTime" : 9528.0,
    "pct1ResTime" : 4056.0,
    "pct2ResTime" : 4798.25,
    "pct3ResTime" : 6031.55,
    "throughput" : 16.200327596652233,
    "receivedKBytesPerSec" : 107.93474177572531,
    "sentKBytesPerSec" : 2.040861582000135
  },
  "update task name" : {
    "transaction" : "update task name",
    "sampleCount" : 1404,
    "errorCount" : 2,
    "errorPct" : 0.14245014,
    "meanResTime" : 2545.8169515669524,
    "medianResTime" : 2444.5,
    "minResTime" : 3.0,
    "maxResTime" : 10214.0,
    "pct1ResTime" : 4164.5,
    "pct2ResTime" : 4906.75,
    "pct3ResTime" : 6177.750000000001,
    "throughput" : 15.790006410472689,
    "receivedKBytesPerSec" : 4.567560635902021,
    "sentKBytesPerSec" : 4.493722903100644
  },
  "check jmeter variables for tasklist id" : {
    "transaction" : "check jmeter variables for tasklist id",
    "sampleCount" : 3129,
    "errorCount" : 0,
    "errorPct" : 0.0,
    "meanResTime" : 0.10450623202301028,
    "medianResTime" : 0.0,
    "minResTime" : 0.0,
    "maxResTime" : 211.0,
    "pct1ResTime" : 0.0,
    "pct2ResTime" : 0.0,
    "pct3ResTime" : 1.0,
    "throughput" : 35.84356671554252,
    "receivedKBytesPerSec" : 11.457012545677923,
    "sentKBytesPerSec" : 0.0
  },
  "read all tasklists" : {
    "transaction" : "read all tasklists",
    "sampleCount" : 1650,
    "errorCount" : 2,
    "errorPct" : 0.121212125,
    "meanResTime" : 3204.140606060608,
    "medianResTime" : 3115.0,
    "minResTime" : 34.0,
    "maxResTime" : 9795.0,
    "pct1ResTime" : 5225.000000000003,
    "pct2ResTime" : 5880.45,
    "pct3ResTime" : 7819.84,
    "throughput" : 18.052713924660008,
    "receivedKBytesPerSec" : 667.842746416126,
    "sentKBytesPerSec" : 2.344737257792755
  },
  "delete task by id" : {
    "transaction" : "delete task by id",
    "sampleCount" : 1282,
    "errorCount" : 2,
    "errorPct" : 0.15600625,
    "meanResTime" : 2817.2480499219964,
    "medianResTime" : 2694.0,
    "minResTime" : 3.0,
    "maxResTime" : 10138.0,
    "pct1ResTime" : 4461.7,
    "pct2ResTime" : 5077.7,
    "pct3ResTime" : 6831.190000000015,
    "throughput" : 14.549333817554531,
    "receivedKBytesPerSec" : 2.7137917569852688,
    "sentKBytesPerSec" : 3.085147951091767
  },
  "Transaction Controller - tasks" : {
    "transaction" : "Transaction Controller - tasks",
    "sampleCount" : 1282,
    "errorCount" : 7,
    "errorPct" : 0.5460218,
    "meanResTime" : 15155.033541341663,
    "medianResTime" : 15038.5,
    "minResTime" : 865.0,
    "maxResTime" : 27961.0,
    "pct1ResTime" : 20890.3,
    "pct2ResTime" : 22557.6,
    "pct3ResTime" : 25453.83000000003,
    "throughput" : 14.323542227634828,
    "receivedKBytesPerSec" : 120.78220972690859,
    "sentKBytesPerSec" : 18.117147609577334
  },
  "create task" : {
    "transaction" : "create task",
    "sampleCount" : 1479,
    "errorCount" : 1,
    "errorPct" : 0.06761325,
    "meanResTime" : 2511.791075050709,
    "medianResTime" : 2435.0,
    "minResTime" : 3.0,
    "maxResTime" : 10352.0,
    "pct1ResTime" : 3964.0,
    "pct2ResTime" : 4815.0,
    "pct3ResTime" : 6276.200000000003,
    "throughput" : 16.525508949920667,
    "receivedKBytesPerSec" : 4.732549452920735,
    "sentKBytesPerSec" : 4.6592019688987465
  },
  "Total" : {
    "transaction" : "Total",
    "sampleCount" : 21119,
    "errorCount" : 15,
    "errorPct" : 0.07102609,
    "meanResTime" : 2047.922913016714,
    "medianResTime" : 2141.5,
    "minResTime" : 0.0,
    "maxResTime" : 10589.0,
    "pct1ResTime" : 4118.9000000000015,
    "pct2ResTime" : 4831.0,
    "pct3ResTime" : 6341.710000000046,
    "throughput" : 226.95180269732953,
    "receivedKBytesPerSec" : 813.8590857725269,
    "sentKBytesPerSec" : 35.907758684380205
  },
  "check jmeter variables for task id" : {
    "transaction" : "check jmeter variables for task id",
    "sampleCount" : 1444,
    "errorCount" : 0,
    "errorPct" : 0.0,
    "meanResTime" : 0.026315789473684157,
    "medianResTime" : 0.0,
    "minResTime" : 0.0,
    "maxResTime" : 1.0,
    "pct1ResTime" : 0.0,
    "pct2ResTime" : 0.0,
    "pct3ResTime" : 1.0,
    "throughput" : 16.94139731331026,
    "receivedKBytesPerSec" : 5.40851900261043,
    "sentKBytesPerSec" : 0.0
  },
  "update tasklist name" : {
    "transaction" : "update tasklist name",
    "sampleCount" : 1604,
    "errorCount" : 2,
    "errorPct" : 0.12468828,
    "meanResTime" : 2272.443890274316,
    "medianResTime" : 2041.0,
    "minResTime" : 3.0,
    "maxResTime" : 9550.0,
    "pct1ResTime" : 4074.5,
    "pct2ResTime" : 4831.0,
    "pct3ResTime" : 6420.6,
    "throughput" : 17.811535301041598,
    "receivedKBytesPerSec" : 5.158742861921736,
    "sentKBytesPerSec" : 4.368711238534657
  },
  "read one task" : {
    "transaction" : "read one task",
    "sampleCount" : 1345,
    "errorCount" : 1,
    "errorPct" : 0.07434944,
    "meanResTime" : 2647.8364312267654,
    "medianResTime" : 2619.0,
    "minResTime" : 2.0,
    "maxResTime" : 10589.0,
    "pct1ResTime" : 4056.4,
    "pct2ResTime" : 4807.4000000000015,
    "pct3ResTime" : 5758.639999999998,
    "throughput" : 15.171340266654635,
    "receivedKBytesPerSec" : 4.388087219696799,
    "sentKBytesPerSec" : 1.9583022551153926
  },
  "delete tasklist by id" : {
    "transaction" : "delete tasklist by id",
    "sampleCount" : 1544,
    "errorCount" : 0,
    "errorPct" : 0.0,
    "meanResTime" : 2514.6101036269456,
    "medianResTime" : 2427.5,
    "minResTime" : 3.0,
    "maxResTime" : 8635.0,
    "pct1ResTime" : 4114.0,
    "pct2ResTime" : 4763.75,
    "pct3ResTime" : 6200.299999999997,
    "throughput" : 17.167572856555147,
    "receivedKBytesPerSec" : 3.20215470273636,
    "sentKBytesPerSec" : 3.7145685139319746
  }
}